scorer,,,rats,rats,rats,rats,rats,rats,rats,rats,rats,rats,rats,rats,rats,rats,rats,rats,rats,rats,rats,rats,rats,rats,rats,rats,rats,rats,rats,rats,rats,rats,rats,rats,rats,rats,rats,rats,rats,rats
bodyparts,,,head,head,nose,nose,spine1,spine1,spine2,spine2,spine3,spine3,tailbase,tailbase,tail1,tail1,tail2,tail2,tail_tip,tail_tip,L_hip,L_hip,L_backpaw,L_backpaw,R_backpaw,R_backpaw,L_shoulder,L_shoulder,R_frontpaw,R_frontpaw,R_shoulder,R_shoulder,R_hip,R_hip,R_knee,R_knee,L_knee,L_knee,L_frontpaw,L_frontpaw
coords,,,x,y,x,y,x,y,x,y,x,y,x,y,x,y,x,y,x,y,x,y,x,y,x,y,x,y,x,y,x,y,x,y,x,y,x,y,x,y
labeled-data,RAT 8 FR1 10-03-25,img00084.png,1091.193652380947,639.532835694246,,,1022.2464254878885,599.9520202556384,890.7359741918692,497.80798041407013,,,,,,,,,,,,,,,805.1499208824443,815.9740532439173,,,944.9961190629424,944.24901774735,882.8253109607076,751.0154249971607,,,,,,,1090.3413866533022,889.6395241440356
labeled-data,RAT 8 FR1 10-03-25,img00209.png,1331.5269471125207,527.3953402519827,,,1254.8842730263423,534.6453229358104,1071.5632823066994,465.2526315334597,892.3851388349582,675.5021293644626,831.2781419284106,771.8233278781731,743.2426379105029,755.251938886567,810.7796542786388,729.5208021004784,,,,,1135.132822521332,866.6356397919914,1034.2697003200692,931.3788601238828,,,1417.6519623720367,906.152696394945,1276.507425058855,741.4840695295663,1024.4636084281733,762.4877209154564,985.8168898781356,879.2680226210056,,,1407.5702097068095,795.2534170774451
labeled-data,RAT 8 FR1 10-03-25,img00860.png,,,,,,,1195.3196689965675,516.0989424313235,974.433182839176,835.2990669362243,850.5835345312744,1028.0959421371845,712.6890807451573,1056.1855530936157,,,,,,,,,1268.4637672212575,1053.9541112173608,,,,,1419.6776917696634,614.8123029397984,1251.4275987405533,885.4758425439236,1195.9779590818034,1037.5422785777682,,,,
labeled-data,RAT 8 FR1 10-03-25,img00922.png,1440.7978747733653,687.921257620198,,,1350.157366308717,635.4451737722438,1155.2461977306014,504.5957179435788,903.318566656306,740.3506711615607,804.946414441132,934.0289210326981,647.5182190208739,1053.1357794098672,,,,,,,,,1136.7871978552791,1065.8615437896894,,,1417.7045270649737,1069.5508543035858,1296.0833398246511,858.9250709464816,1129.9526527682049,888.9775963268607,1087.105203940989,1006.5980440878456,,,,
labeled-data,RAT 8 FR1 10-03-25,img01660.png,1504.4792513981033,703.5891747069061,,,1408.1580528843929,651.8035841081369,1163.7300652582023,494.3753886878786,883.0521642128735,768.8390188613552,901.9954502397769,970.072919952944,821.3414289179589,1067.5298623834742,,,,,,,,,1164.001130529484,1062.7673254544802,,,1416.8850932156013,996.3957870750672,1332.8704876720408,900.6191367554082,1200.127410913215,875.4147550923402,1096.7894460946357,980.4330120217909,,,,
labeled-data,RAT 8 FR1 10-03-25,img01829.png,,,,,,,1228.9967245580362,558.1837450219863,983.5330251198704,886.5043894181828,845.7833541271445,1014.9326541031303,642.7838389799693,956.9327926325088,,,,,,,,,1328.273272452197,1068.5361506031927,,,,,1504.7039440936742,704.7529085995757,1319.871811897841,950.915702842208,1259.3812959064776,1071.0565887694995,,,,
labeled-data,RAT 8 FR1 10-03-25,img02033.png,1405.033784418899,619.3303729277493,,,1350.5131778236218,632.9605245765686,1154.9205016630651,527.3268492982191,1007.1599125201275,868.3443845894546,863.9963369591384,1022.2577132203297,668.4036607985818,951.3809246464693,537.5542049699167,1063.8296757492285,,,,,,,1322.236235392904,1070.3346908100011,,,1465.5329286207625,969.4361671053784,1429.40999288401,787.4942823074592,1288.5790890904907,922.4847275361849,1240.9319663765216,1059.5110623622795,,,,
labeled-data,RAT 8 FR1 10-03-25,img02063.png,1459.6446174056687,658.1125471971543,,,1393.662196480835,647.3558201167622,1184.5370047569895,524.3514068407234,964.8775063230265,808.9268627849219,810.5773494687423,976.7097144644483,625.4412772558999,942.236101017919,525.8508384103708,1069.9161508198792,,,,,,,1332.7887531587603,1069.9161508198792,,,1481.157343303786,1065.1736947181798,1397.1427377602256,901.3452139082368,1292.9646268862107,863.5386414136347,1219.0317740078772,1057.6123802192594,,,,
labeled-data,RAT 8 FR1 10-03-25,img02252.png,,,,,,,1250.3844667198628,531.4604825173734,1009.0691725941579,922.1614349113721,882.665923290217,1049.8414847133324,663.0562376308453,968.1262528400778,560.7862130558772,1052.798222400488,,,,,,,1349.5782585424906,1068.8166926666472,,,,,1522.5421311423797,644.1748497567401,1373.3996302179244,904.1385145625613,,,,,,
labeled-data,RAT 8 FR1 10-03-25,img03471.png,1468.238371604154,693.2217219427994,,,1351.7005750067492,680.954585458862,1101.1167782506413,572.2868325967024,851.3728675233084,840.5981392654726,724.4357005018055,974.0998925875057,507.2224934090346,1019.7461462519285,239.64100641069365,1070.1144261574987,,,,,,,1146.8356168662604,1068.3292430949832,,,1563.1917652803645,1021.7222115560911,1377.799350936771,902.615353178922,1150.9784641141619,873.6154224436112,1061.8615992999657,1051.9613199162732,,,,
labeled-data,RAT 8 FR1 10-03-25,img03553.png,,,,,,,1226.9295820524205,515.1924834351785,958.801477468304,766.7221815450404,794.0942132237752,954.4118547539222,560.4397220861878,979.9478647143142,264.2220065456399,1062.9398970855884,,,,,1246.4518973125087,987.5256928048531,1155.6631526909864,1068.3826229365684,,,1574.825508601541,915.4853079873351,1482.1404773895697,753.9680109488265,1198.0136116733238,897.4335536902652,1077.50171449128,1053.4644711927526,,,1448.99426796824,985.7858682567793
labeled-data,RAT 8 FR1 10-03-25,img03658.png,1328.2097803963645,421.1144690972687,,,1269.4024887272549,460.23099898224297,1014.8382339302666,511.4799083638149,883.7084280913803,823.3980227617182,756.9505742179725,986.5371535637815,515.6352800922675,986.5371535637815,266.65918297844485,1054.2075799588206,,,,,,,,,,,1536.5580633252748,748.2178268314868,1395.4135260120931,660.0024910107483,1157.652192323817,906.1652852533807,,,,,1565.3398697281436,630.1914136140008
labeled-data,RAT 8 FR1 10-03-25,img03682.png,,,,,1329.9378210514037,519.9346467284781,1114.6687178562763,487.6417170975749,902.3477964013227,844.9622922290821,772.2204884382055,1011.3999226030048,521.9675908263632,1001.185518618848,264.0538902264033,1061.1951420257694,,,,,,,,,,,1642.2475894878983,654.7923936982505,1435.7507920082862,632.9841510601395,1174.5882696748756,889.2474581327539,,,,,,
labeled-data,RAT 8 FR1 10-03-25,img03728.png,,,,,1360.767080478035,516.5747618063713,1110.5141828661926,469.333143379646,912.6101056731541,816.622878840978,775.9924523850566,1019.6341580260951,482.32833784054776,1004.3125520498597,263.9954526791955,1066.8757764528204,,,,,,,,,,,1732.3857856011332,660.0854955426964,1476.882027595261,599.5791207818025,1186.0794741570521,885.417056638695,,,,,1555.2308345368663,801.0373736919931
labeled-data,RAT 8 FR1 10-03-25,img03940.png,1424.8652500595408,512.3564236569102,,,1352.6126892920788,551.8432882623838,1112.3309174374958,477.0702893286148,900.6141114677232,708.950600628842,749.0682798545213,889.8938652350366,507.106215889067,852.9274387958701,306.7524863986251,974.9661510501131,,,,,1164.4589610965095,945.7674331430487,1136.003099141066,1058.0451446623044,,,1537.6110974255234,860.7417563885441,1374.8300502108125,762.0264200173425,1132.0278401899225,856.1227782261303,1068.1767399768164,1011.5497984817173,,,1473.0616564499253,988.1748456614996
labeled-data,RAT 8 FR1 10-03-25,img04003.png,,,,,1404.3072083673603,634.0218562356695,1165.7057286236484,555.0481270247226,912.8217659375312,799.5306291564837,782.5991273450124,920.5116611392108,492.00133972143925,899.5177036303909,243.02524260761663,1031.0281549264098,,,,,,,1134.8804593940388,1063.2142149415415,,,1604.6541936853978,996.6461474742787,1528.841734084803,811.9548581419854,1161.6120523028655,866.0119740251241,1078.7551073448349,1023.4401694453825,,,,
labeled-data,RAT 8 FR1 10-03-25,img04349.png,,,,,,,1301.010611759701,552.714536974569,1197.5897714201133,916.6026789101559,,,,,,,,,,,,,,,,,,,,,1482.3162824784847,874.4682624755092,,,,,,
labeled-data,RAT 8 FR1 10-03-25,img04425.png,,,,,,,1401.8778511032494,523.3481255201183,1290.7962077755442,920.4330804042147,,,,,,,,,,,,,,,,,,,,,1549.9867088735236,898.7274719378815,,,,,,
labeled-data,RAT 8 FR1 10-03-25,img04531.png,,,,,1010.3091677648467,639.3766079348189,763.3062274667786,494.03134034445907,,,,,535.2801975221342,789.4049077825728,,,,,,,,,693.5895549486448,966.7422021476839,,,1062.5885175140932,1002.885741006592,992.8563949129377,827.2952154205506,624.0322765767071,808.8120022009671,,,,,,
labeled-data,RAT 8 FR1 10-03-25,img05126.png,,,,,,,1254.3376500358893,548.8667002985255,1056.7515945894027,850.399334501921,884.318230873655,1034.5071427204477,684.4258511624059,1035.5428545324232,415.1407800488063,1046.9356844641525,,,,,,,,,,,,,,,1335.888580894922,914.3645725313033,,,,,,
labeled-data,RAT 8 FR1 10-03-25,img05500.png,1484.547519959898,736.4190234666543,,,1380.9763387623598,684.6334328678852,1182.1196708630862,540.669491003307,895.227498945905,734.3475998427036,808.2277067399729,818.2402566127096,635.2638341400839,806.8474266809806,757.477827953179,752.9904124582606,,,,,,,1124.1198093924647,1018.1326363239586,,,1519.7773970620256,1060.3073702149547,1343.3467254205484,885.5569906843489,1124.0686049518554,851.9511484669247,1077.0204258474614,956.9694053963754,,,,
labeled-data,RAT 8 FR1 10-03-25,img05796.png,1393.4428312394148,581.5151876703189,,,1337.3356096155899,598.9800893406735,1128.139241812124,543.5304496819234,960.9501767804387,819.9385019202376,797.1216959704957,1013.1720946704269,576.1632833909314,1004.7706341160708,,,,,,,,,1277.9570428955521,1065.558944397017,,,1529.670534437793,813.7481081267742,1409.1549943542009,745.7508079878667,1234.5748616509081,923.3987241263414,1193.6844067044503,1042.6625510535102,,,,
labeled-data,RAT 8 FR1 10-03-25,img05851.png,,,,,,,1364.1970542535971,547.2038067836178,1206.2495958317033,859.7381394056629,,,,,,,,,,,,,,,,,,,,,1493.5795467906805,900.0651500665721,,,,,,
labeled-data,RAT 8 FR1 10-03-25,img05966.png,,,,,1420.4782945281434,646.0850773845574,1168.8324318542507,533.0633138575392,943.6732889975084,807.7910739849822,825.2345910774303,960.8949242551256,623.2815417011086,974.7520108057854,452.2097424640215,1064.2328890737049,,,,,,,,,,,1593.9841281191966,1043.8161451388332,1462.9213434712422,837.9803615571101,1216.7585492286098,926.1956973778485,1123.5023370752576,1063.1395044138521,,,,
labeled-data,RAT 8 FR1 10-03-25,img06322.png,1369.061354316048,632.8597740687078,,,1279.9901384861653,629.7526386327817,1070.7763524671377,516.8600511274649,881.2410908756426,706.39531271896,770.4199269942767,837.9307128398336,540.4919047357416,895.9305743104551,404.81365736696637,1066.8230232863934,,,,,,,1087.347741458744,993.2874846361411,,,1517.3103520904087,945.0819373045439,1388.162664110088,819.9858867948288,1082.6276795773497,836.557275786435,1016.3421236109252,961.8784050354562,,,,
labeled-data,RAT 8 FR1 10-03-25,img06892.png,1350.1550206258805,256.88561279660763,,,1320.7886091714295,407.5480715629208,1285.0381952268806,610.5593507480378,1343.7710181357825,877.4106548341349,1413.9950455268606,1010.1979066281737,,,,,,,,,1134.614162972659,911.3195596129273,,,,,,,,,,,,,,,,
labeled-data,RAT 8 FR1 10-03-25,img07098.png,1371.0535977939048,636.788533498546,,,1294.6003067492647,620.8257584452696,1119.0097811632234,480.5213671875235,951.8207161315379,623.3461966115764,862.1162234579231,722.9873253884871,668.3469367778148,738.2471051366198,597.0691360299521,855.8908172167417,,,,,,,1081.0893211488694,896.3808418608359,,,1329.1580811573804,935.2267740599707,1262.3703380781658,788.0211362527225,1054.5105254336718,767.5759087794936,1007.4865022452454,874.572599222725,,,,
labeled-data,RAT 8 FR1 10-03-25,img07952.png,,,,,,,,,,,812.3886211957417,905.8978729524898,600.4397385244876,936.5410849049605,393.5980578453118,1038.6851247465286,,,1134.543421731052,801.4001900297907,1138.4038534149543,938.2821296018648,1070.7628877078637,1017.9153353380171,1241.1694352583363,350.72720331883863,1068.4193558383897,222.90150696999083,962.1573916984303,313.27446565061234,1018.0274000499574,841.4137466273942,1010.5392028725544,985.5436270406468,1074.3903030856604,932.6144255482037,1182.9311116175209,259.4346959899929
labeled-data,RAT 8 FR1 10-03-25,img07978.png,1377.3083297270837,548.9907280385561,,,1277.8799957774468,576.9549469618914,1031.3805845273055,492.02657837990995,844.9524583717365,703.3117880228881,759.1698615948424,864.1041025354175,522.9617694612157,916.4529229542212,368.46890920084365,1063.2849802264757,,,,,,,1077.4902959616957,1018.5969513803035,,,1356.236229383711,1069.6689427486167,1327.6712634989003,810.9039576744502,1049.582919149715,837.7886314483897,1016.8172229877265,984.8141911496207,,,,
labeled-data,RAT 8 FR1 10-03-25,img08239.png,,,,,,,1168.3117752482922,545.9643496346577,1064.427197943054,852.8960553092253,,,554.448363899157,1008.7229212670827,312.051016853601,1063.8132274138,,,,,,,,,,,,,,,,,,,,,,
labeled-data,RAT 8 FR1 10-03-25,img08463.png,,,,,,,1324.1386412061497,492.4480522349895,1209.2360026715678,824.5638978623421,,,,,299.4589468772085,1059.0912011726527,,,,,,,,,,,,,,,1461.0774021994182,928.4484751675805,,,,,,
labeled-data,RAT 8 FR1 10-03-25,img09182.png,1515.3841892543428,843.0295579962133,,,1380.7416536975431,819.2081863207794,1147.0372649102464,647.0389368468216,919.2250058608121,779.9938516013118,795.9753075427061,893.2085769873695,598.0712303496676,1066.8534447180357,,,,,,,,,,,,,,,,,1119.4793345076062,909.8454515186212,,,,,,
labeled-data,RAT 8 FR1 10-03-25,img09234.png,1520.3523309959578,788.5724509354411,,,1422.0552425099918,771.769529826729,1185.9742009325867,588.617689741767,980.1384173508634,733.9629573321267,823.1183808990993,922.5624143815207,609.3731435470731,987.8174268048549,401.25466236987774,1061.871855689992,,,,,,,1177.03896668581,1067.5073375774714,,,,,1462.379816689333,1006.5662658739296,1178.594780208078,910.245067360219,,,,,,
labeled-data,RAT 8 FR1 10-03-25,img09761.png,1373.2002719895213,628.0831326296877,,,1288.578627584479,623.1215201014512,1123.0698546636645,570.1923186090081,1105.4267874995166,876.8456288430041,,,,,,,,,,,,,1326.4379634699758,1019.5722118956238,,,1471.4706015784511,841.762773628826,1357.5889444352401,821.3083012293173,1300.3406723605772,893.6485499517162,1254.9727853670545,1028.9120648768487,,,,
labeled-data,RAT 8 FR1 10-03-25,img09934.png,,,,,,,1248.1156080754477,529.6183056326021,1064.794617355805,810.296206677931,854.5451195248022,1008.1171627652291,581.1171695558849,1039.1885171244905,,,,,,,,,1321.651115118284,1068.1884478598013,,,,,,,1313.3654206224808,918.0102351233708,1239.8298819722286,1055.7599061160968,,,,
labeled-data,RAT 8 FR1 10-03-25,img10037.png,1341.217570799793,581.6908056520734,,,1279.2003807976653,574.8757298276638,1101.3269017805737,490.3687896049842,1012.7309160632483,737.7560420310542,903.1148760906071,1019.123306807549,697.5499959094509,1070.1953267283332,,,,,,,,,1250.4508981840422,942.3605095074445,,,1455.7593311873102,792.2580362846885,1339.6663797306387,746.373679280385,1237.9468413114598,783.965682609212,1176.5834241129335,930.4639308759641,,,,
labeled-data,RAT 8 FR1 10-03-25,img10113.png,,,,,,,1183.758813589646,516.2533253637871,1090.8922975137511,739.7625674447543,947.6575015322862,994.7519844667029,717.8522244631226,1067.15638683096,,,,,,,,,1263.6108277624235,943.9340531016937,,,,,,,1289.503623061808,831.041465596377,1200.9776806505622,947.0208875308185,,,,
labeled-data,RAT 8 FR1 10-03-25,img10335.png,,,,,,,1329.0935082767667,493.99458275575984,1146.4990873318927,870.8599704186706,,,,,,,,,,,,,,,,,,,,,1438.886401378382,910.4407858572783,,,,,,
labeled-data,RAT 8 FR1 10-03-25,img10370.png,1325.4980485845829,655.4440194663096,,,1255.84227771058,651.5742544177538,1123.3020207465124,659.9631676196336,1120.716663603511,936.0221509134863,1008.358219777786,1045.8269937431721,,,,,,,,,,,1437.1586420906704,1024.0163321849764,,,1463.2031698091741,905.5557383685561,,,1336.3411154383978,843.3849302663214,1311.1367337753295,1018.9754558523629,,,,
labeled-data,RAT 8 FR1 10-03-25,img10410.png,1375.0018733567383,555.0718368662233,,,1319.0734355100676,578.8932085416573,1103.645378619188,487.75056908782346,1002.1456210456005,804.6783835522907,941.0129161658123,997.9924178341855,,,,,,,,,,,1215.5250232400272,1046.5108367589305,,,1465.3591850903967,912.6143990620121,1405.3865178355918,747.6895641112988,1226.8315312360592,815.1588147729542,1119.834840792828,1001.2103847793373,,,,
labeled-data,RAT 8 FR1 10-03-25,img10755.png,1275.789424261235,669.2175866640787,1576.6269382901962,924.5486849782798,1176.6521897198336,622.1694075596847,980.8981588033374,497.8277913552152,748.1556649159116,646.1301610458717,589.8324031614808,858.0790437171258,826.0404952951075,980.6518915270078,1187.3750362346552,970.4374875428509,1526.0401477012688,1018.1162152683194,,,,,949.4566557090118,1032.4002548075177,,,1190.028832310672,1022.8591486533444,1123.0258822184346,839.0359146973071,946.730625379248,828.6294876576695,875.7156259534847,1009.4367349741357,,,,
labeled-data,RAT 8 FR1 10-03-25,img10809.png,1213.9123164342284,649.4807833610919,1259.8771343629342,985.2793143402475,1159.0098950193856,569.0423519858568,993.0258302768369,475.83591563042586,802.782556071916,745.2408207125621,768.3089426253866,907.3944839610518,498.90403754325035,1021.0297282847964,189.9183170225063,1058.056942727365,,,,,,,,,,,1239.4339990851133,1016.4071716733348,,,1012.6131122625045,684.9793918412121,,,,,,
labeled-data,RAT 8 FR1 10-03-25,img10832.png,1161.663121985489,587.5650034292809,1219.6629834561104,892.0642761500435,1098.4847014549905,521.2794474628564,989.7349611975753,459.13673874433334,791.9140051102771,690.1004728148439,764.985497998917,880.6714462183145,522.6289339966773,1027.742523518819,188.09401872862864,1058.8138778780806,,,,,1042.5562636083198,927.2784777572066,,,,,1089.163295147212,1010.1354227152373,,,944.1636414706585,678.7076428831145,,,964.8778777101661,913.8142242015266,1301.4842166021656,972.8497974841234
labeled-data,RAT 8 FR1 10-03-25,img11106.png,1411.2765132099084,546.2203887507108,,,1343.2246827196245,569.7444783029077,1174.1789097024655,543.8116353669362,1077.9814376874779,934.5095712891416,,,,,,,,,,,,,1383.523951741374,1073.669917840312,,,,,,,1366.721030632662,872.8750105912025,1276.8036175291684,1071.6586291627966,,,,
labeled-data,RAT 8 FR1 10-03-25,img11367.png,1494.8245448871608,429.5236399396743,,,1367.4319920141886,509.2734494617788,1083.6469555329336,473.0235360426404,897.2188293773647,782.70136782328,735.8792211137786,958.7695774253436,398.8038896366033,997.0735923659317,,,,,,,,,,,,,1654.2027145126613,770.5955867285776,1451.7275151526806,694.1422956839375,1139.1931825306353,870.5729673254145,1102.4943313457288,1070.0506540944875,,,,
labeled-data,RAT 8 FR1 10-03-25,img11407.png,1496.9757683478254,777.3321421654189,,,1388.447726016159,786.269745651556,1093.5068109736308,626.6696833991056,854.7451178439649,870.5385785208498,724.5114670459652,962.4682143782612,400.20414054898595,1016.0938352950847,,,,,,,,,,,,,,,,,1108.8284169498659,944.5930074059868,,,,,,
labeled-data,RAT 8 FR1 10-03-25,img11547.png,,,,,,,1219.9100602775713,571.7672619842626,1108.8284169498659,907.5657929634183,,,,,,,,,,,,,,,,,,,,,1391.0013270121983,865.4313765287715,,,,,,
labeled-data,RAT 8 FR1 10-03-25,img11709.png,1406.3229329884334,601.1336734387136,,,1297.844541628282,593.7270966728045,1097.3372124676894,504.0968355892237,890.4955317885137,677.7417033198897,764.0922824845729,795.2073491376932,521.5001878608483,901.1817904733203,345.301719134143,1049.2906482435944,,,,,,,1001.5771751162192,1033.969042267359,,,1459.4787137362737,1026.8775156234008,1365.3823555274857,829.4431925960334,1046.1268544619556,821.0417320416774,954.5509344194747,971.4278759646506,,,,
labeled-data,RAT 8 FR1 10-03-25,img11836.png,,,,,,,1159.950087842165,452.0022413926284,,,,,867.5627737956756,766.0951639054509,650.5066891323431,828.6583883084115,,,,,1245.4957212094785,941.0168321341366,1042.4844420243614,989.5352510588815,,,1638.7502745995162,661.3975230678433,1449.7838008926149,598.8342986648828,1024.609235052087,813.3367823321762,1045.1844701951004,917.4686015377978,1171.2633729466786,904.5199574714195,,
labeled-data,RAT 8 FR1 10-03-25,img11973.png,,,,,,,1306.1198009595857,550.0333163242593,1202.698960619998,927.9662637380619,,,,,,,,,,,,,1457.146980250387,1073.5546438942295,,,,,,,1454.6265420840805,897.1239722527523,,,,,,
labeled-data,RAT 8 FR1 10-03-25,img12287.png,,,,,,,1250.4811815167948,542.5671118873423,1107.24638553533,863.6648962853515,,,,,,,,,,,,,1336.615730781445,1067.1487391358073,,,,,,,1361.1500037493197,868.8300326454869,1245.293714734356,1059.6521557289568,,,,
labeled-data,RAT 8 FR1 10-03-25,img12647.png,1327.3380931958254,399.017864392258,,,1270.7729638532253,422.1891221952508,1064.9576739560541,448.7679179104484,974.9986730738469,744.5422086898268,908.4513396258474,934.900191379812,930.4874620845343,1063.9689086378353,1187.0508878535318,983.694462538333,,,,,,,1183.8990218987765,845.2023298076098,,,,,1315.0012697340146,531.3304887984142,1189.3467007894046,700.7687404048081,1131.9378272565755,849.3702190206939,,,,
labeled-data,RAT 8 FR1 10-03-25,img12756.png,1069.5283885287713,599.3507812251182,,,1172.1920214405777,538.9265908932193,1383.2013326738438,522.1236697845072,1511.1412382529893,723.5266010124014,1563.9874680285902,903.7157267187345,1390.0772345534197,932.2806926035448,1091.82538487378,747.4485604077117,692.3303974420068,759.503520485639,1242.349657317719,732.335084868876,1281.600131381641,934.6685145505035,,,1144.4998839470957,714.0919067828277,,,,,,,,,,,1131.7849416446984,868.8825087250564
labeled-data,RAT 8 FR1 10-03-25,img12839.png,1388.1317112688732,608.9355633104757,,,1301.3092774035401,598.7211593263189,1148.0932176411877,508.0683239669271,,,,,,,,,,,,,,,969.3411479184432,889.8316728747885,,,1307.6932798936382,984.3149097282393,1254.067658976815,781.3036305431223,1008.9219633570509,700.8651991678872,,,,,,
labeled-data,RAT 8 FR1 10-03-25,img13027.png,,,,,,,1270.759723720317,531.2560525659769,1091.3227265567236,849.2058194698884,911.8857293931303,1038.0868691157768,667.9143736005252,1022.3467816452867,,,,,,,,,1383.2230571162058,1067.577444898458,,,,,,,1371.8302271844766,880.1136069309136,1287.9375704144707,1059.291750402655,,,,
labeled-data,RAT 8 FR1 10-03-25,img13114.png,1076.6796188990825,346.6335761005183,,,1056.2175051874447,494.59039832313044,1078.2536276461315,669.3053692455766,1127.0478988046525,825.132235203434,1221.4884236275964,1004.5692323670273,,,,,,,,,,,,,,,,,,,,,,,,,,
labeled-data,RAT 8 FR1 10-03-25,img13186.png,,,,,,,1234.0804936039888,475.7022933585416,1167.9721262279281,749.5798153450789,1208.8963536512038,1018.7353110904689,,,,,,,,,999.5734610807613,909.6125044092453,1286.0632659843027,930.6161557951355,,,,,,,,,,,,,,
labeled-data,RAT 8 FR1 10-03-25,img13215.png,1348.1388931189827,226.9323077577699,,,1326.8454778862292,374.99138463323976,1312.345512518574,542.7766981732518,1319.5954952024017,690.8834872857317,1304.0598180227707,835.8831409622853,1224.356843227435,1036.8027429912809,,,,,1163.7153362022827,677.8539255855243,1148.1796590226518,845.6392391255364,,,,,,,,,,,,,,,,
labeled-data,RAT 8 FR1 10-03-25,img13520.png,1363.5313587910357,598.9207037981091,,,1247.0547115094048,573.7365638453241,1144.7441429512157,531.2383276749993,,,,,,,,,,,,,,,1049.1495153015082,902.6547281175746,,,1319.0885528930835,1033.218130988136,1252.6949269960642,835.3140537950974,1013.9332338663984,744.6612184357056,,,,,1455.706206181181,980.8693105693321
labeled-data,RAT 8 FR1 10-03-25,img13592.png,1439.90865856909,583.0325726582336,,,1337.598090010901,586.1805901523317,1123.5329004122282,513.7761877880747,918.9117632958496,773.4876310511703,819.7492122317585,841.1700071742802,750.5748529370885,774.8414175346461,868.5140639400244,740.76012462125,,,,,,,1240.3171102919796,993.7100441824759,,,,,1468.4147976126078,739.5054903590674,1156.4244535219736,845.6032550699962,1183.3529606333336,959.5315543872883,,,,
labeled-data,RAT 8 FR1 10-03-25,img14084.png,1394.51916731139,460.84390033584657,,,1329.0944393970574,471.0665140724611,1200.5128197115946,610.1104349433764,1152.8866531648862,958.3715737670362,,,,,,,,,,,,,,,,,1645.3992822219432,632.9998511723234,1507.6153291305038,619.5575142853538,1420.2401393652008,866.5604545834217,,,,,,
labeled-data,RAT 8 FR1 10-03-25,img14467.png,1301.733254033757,621.9898041445064,1654.1301914871678,681.9994275514277,1158.7315982555615,619.4362031484671,914.8627031338173,527.5065672910557,,,,,,,,,,,,,,,,,,,1369.9734173338375,1069.103162017254,1262.43472223808,865.7878166018374,763.3879653093303,747.3272227854172,,,,,,
labeled-data,RAT 8 FR1 10-03-25,img14503.png,1411.5045997366772,627.244794286299,,,1330.850578414859,618.0031876765074,1130.8958172211849,528.9477058003333,894.8147756437797,775.1105000429657,769.0385248720115,901.526193226259,503.8963010063135,920.169005841816,656.1459373666949,829.0263663879823,,,,,,,1187.4660969100664,1041.3472878429359,,,1546.557668886551,1009.1987983653129,1423.8863040471774,832.6883345131032,1147.875733158587,870.1712515473562,1100.1702023877197,1002.3837225409032,,,,
labeled-data,RAT 8 FR1 10-03-25,img14546.png,1422.186245958788,557.2733250075778,,,1344.5078600606344,615.2731864781992,1094.901313374567,530.3448178962178,879.4732564836872,764.4156874026544,740.6878736789859,891.8082402756265,471.40280256538625,914.593900139085,596.7239318144077,829.6655315571036,,,,,,,1133.222650417656,1067.8792483114416,,,,,1449.1147530701478,837.9512260529066,1096.9727369985176,860.736885916365,1055.5442645195023,1021.2722167725494,,,,
labeled-data,RAT 8 FR1 10-03-25,img14740.png,,,,,,,1229.0331995162583,496.7198687798364,1058.1407505403201,778.4334816371406,858.2483708290712,1025.9686046992572,,,,,,,,,,,1325.354398029969,1067.3970771782726,,,,,1492.6095575662605,572.5449116831467,1339.8543633976244,899.6117636382605,,,,,,
labeled-data,RAT 8 FR1 10-03-25,img14758.png,,,,,1406.4013126955012,603.6888630158043,1195.1161030525232,491.8319873224628,978.6523343496681,801.5098191031025,836.7598161090406,966.1879972071883,587.2009482396368,1040.834131147944,,,,,,,,,1322.5637251867909,1069.9550251975472,,,,,1471.269576998893,705.3316371384944,1284.7571526921886,844.7958823408051,1217.5454682573402,1060.7134185877555,,,1504.0352731608816,979.2192512105019
labeled-data,RAT 8 FR1 10-03-25,img14999.png,1429.6564062982434,509.91625653244654,,,1332.0678639812013,560.2845364380165,1130.594744358921,494.1761690619558,941.7136947130331,810.5519272188177,795.3308812374701,1021.4690993233925,538.7674554684725,1005.7290118529017,301.0921346640636,1074.9853967230604,,,,,,,,,,,1639.02098295706,829.9798157464453,1437.2865042699627,764.8629903474456,1277.686442017512,904.0342446315823,1235.552025582865,1068.741508876111,,,,
labeled-data,RAT 8 FR1 10-03-25,img15262.png,1497.9514502617142,455.2412882923925,,,1381.5274536398194,482.4068875041678,1140.917860621237,451.360488404996,975.983865406886,771.5264791152065,840.1558693480088,1012.136072133789,566.5594772865562,1033.4804715144696,341.47308381755965,1066.4672705573398,,,,,,,1282.6244322908165,1075.1696807326148,,,1595.2234255964775,801.9635606550902,1453.2387422278603,712.0679327234805,1268.406610032027,867.4949529790674,1223.0387230385043,1061.5686917846922,,,,
labeled-data,RAT 8 FR1 10-03-25,img15743.png,1385.417749663091,661.9102924735458,,,1305.6679401409865,632.9103617382351,1124.4183730452944,615.3032609346536,1006.3472264801007,919.8025336554164,834.4190656921871,1063.7664755199944,545.1562743499028,1032.7291623479125,291.38647191752926,1062.0083627695856,,,,,,,1314.978568319862,1070.0147717753182,,,1478.2500108255012,917.06012958592,1369.8903052173878,840.0497727700911,1281.4934334544987,918.5867452028112,1220.1627714076994,1059.731282515993,,,,
labeled-data,RAT 8 FR1 10-03-25,img16048.png,,,,,,,1310.6857226135833,577.6814018521247,1097.4600394443096,932.6319403015746,,,,,408.96729854747866,1068.7440904317807,,,,,,,,,,,,,,,,,,,,,,
labeled-data,RAT 8 FR1 10-03-25,img16487.png,1437.757164109655,601.889705271124,,,1369.7053336193708,605.2502894928664,1178.9921790354883,617.0123342689648,1027.7658890570794,932.9072511127524,,,,,433.8661062424064,1040.3040951534033,,,,,,,1418.360357879908,1064.1081674921431,,,,,,,1346.8962428536065,942.9298854910231,,,,,,
labeled-data,RAT 8 FR1 10-03-25,img16785.png,,,,,,,1251.1270172209934,533.8646377410671,1112.6142474806757,861.2584571272725,,,,,,,,,,,,,,,,,,,,,1372.3256907437712,928.9408332503823,,,,,,
labeled-data,RAT 8 FR1 10-03-25,img16950.png,1380.011870066357,659.5877005172628,,,1274.3692652448678,619.1949398502228,1092.0839863372005,567.4093492514537,1046.5126666102838,877.0871810320933,935.6915027289176,1049.0153418200068,,,,,,,,,,,1326.154855843637,1003.44402209309,,,1526.9563542227243,928.2167016802429,1382.6694002694326,820.9689274774129,1274.3159789098725,827.0499868394292,1233.407034110855,1001.7422376028015,,,,
labeled-data,RAT 8 FR1 10-03-25,img17479.png,1479.6956619250543,493.8900967234131,,,1366.0604176013096,532.1941116640012,1090.2715100290752,495.1668972214327,939.6090512627621,765.8486028015886,815.7594029548605,963.7526799946272,580.8281113192535,1040.3607098758034,,,,,,,,,1255.7857025677881,1075.7075950789517,,,1554.8776983028638,889.1951707722473,1416.253599155989,783.3367677873609,1233.1017590710267,932.8827656548988,1208.7375234633942,1052.1835055267547,,,,
labeled-data,RAT 8 FR1 10-03-25,img17783.png,1509.5573946664567,743.1075726148579,,,1427.842162793202,727.7859666386227,1190.3572701615558,570.7395053822114,979.6851879883212,895.0468318791907,,,,,,,,,,,,,1310.3765169753985,946.1188517999748,,,,,1481.4677837100253,942.288450305916,,,,,,,,
labeled-data,RAT 8 FR1 10-03-25,img18217.png,1402.7321556356922,680.2652916333238,1540.6266094218092,1023.7246256005972,1298.0345147980847,627.9164712145201,1069.4872256525755,514.2812268907755,880.5207519456743,718.5693065739121,709.4294852110474,892.2141743045781,503.86460502989144,976.4830071738719,372.87730567132763,1061.0482944312594,,,,,,,1179.9592407552939,1061.6770514725536,,,1382.958755902469,978.8201065145232,1267.9947447732015,844.1775709577233,1145.7807509601062,863.8560953852557,1055.6738233182477,1025.4271380534153,,,,
labeled-data,RAT 8 FR1 10-03-25,img18954.png,1438.9592072173268,589.2456021269334,,,1373.842381818327,613.5048115893059,1149.125494166877,558.6023901744629,953.7750179698776,796.0872828061091,790.3445542233683,997.8217614932065,478.4200569556539,993.9913599991477,266.90286433570054,1063.6018954272986,,,,,,,1293.4504647434617,1057.2178929372008,,,,,1528.3817563790687,709.9281574758686,1262.8072527909912,874.6354217203973,1201.5208288860501,1048.2802894510633,,,,
labeled-data,RAT 8 FR1 10-03-25,img19761.png,1313.8792727117752,611.614519128359,,,1238.5480433286186,602.6769156422218,1036.8135646415215,476.27366633828115,855.5078939227378,851.6530127560445,679.3094251960325,1030.405082478789,429.05652758419023,969.1186585738479,234.98285188521044,1061.0482944312594,,,,,,,,,,,,,,,1147.895207969227,847.8226112619857,,,,,,
labeled-data,RAT 8 FR1 10-03-25,img19975.png,1441.5593225137357,748.2321724164566,,,1352.1832876523633,708.651356977849,1108.3143925306192,600.1233146461826,861.8918964128358,860.5906162421817,722.7206421286991,1016.3602770005733,492.89655248517033,1012.5298755065145,277.1172683198574,1071.2626984154163,,,,,,,,,,,1501.8950133914864,1072.3073213401863,1398.42040264366,950.126809789991,1084.3424238399905,939.5642445813606,,,,,,
labeled-data,RAT 8 FR1 10-03-25,img20173.png,1317.234920381199,565.1360074642188,,,1234.9006069485097,585.2995127946733,1045.0275984200628,516.4075362489536,857.6750280579229,792.8155884872679,714.3871545951565,981.7912678384791,456.288531736383,956.9696249898687,216.25003810869748,1043.792058855202,,,,,,,,,,,1403.703588120797,911.6664212564809,1327.0609140346187,799.8095455631397,1167.5612949904096,896.1307440768502,,,,,,
labeled-data,RAT 8 FR1 10-03-25,img20274.png,1210.725000713468,324.6865203277462,,,1086.8753524055664,402.57135070694204,936.2128936392531,583.8770214257257,855.7744622640181,848.1747245157837,739.5856169442343,980.9619763098225,499.5471233165488,980.9619763098225,255.67822819480455,1052.4628041989201,,,,,,,,,,,1459.7010978272906,546.8498069831572,1321.8066440411735,517.4833955287064,1117.5185643580369,912.0147494167638,1101.7104577753055,1065.5452163511945,,,,
labeled-data,RAT 8 FR1 10-03-25,img20466.png,1474.1726384722751,701.7790970032836,,,1398.5656761980722,674.8505898919236,1177.9590602473156,529.85093621537,943.888190740879,792.9217364571173,869.3169402786514,929.6356956378679,704.6387621745655,871.6358341672463,448.81794461664583,896.4929176546556,,,,,,,1235.8764812352429,1065.7146781365254,,,1416.4759905820983,1018.690654948099,1423.972573988949,873.5295398881736,1231.105928158156,929.4131616483327,1188.8524580468163,1047.9954809930605,,,,
labeled-data,RAT 8 FR1 10-03-25,img21070.png,1511.2718484601842,771.9257192802614,,,1402.743806128518,734.8985048376928,1137.1693025404404,538.2712281426739,903.514811402853,727.2377018495752,843.5051879959315,831.9353426871826,673.6907217593243,810.2297342208494,475.78664456628576,870.2393576277707,,,,,,,1069.4988761454013,1040.053823864378,,,,,1378.4845966661453,945.5705870109275,1037.5788636949112,867.6857566317316,1018.4268562246173,991.535404939633,,,,
labeled-data,RAT 8 FR1 10-03-25,img21269.png,1467.8606315275176,437.4039887991252,,,1360.609389693871,461.66319826149766,1120.5708960661855,476.98480423773293,1022.2572577186761,829.3817416911435,915.0060158850292,1020.901816394084,,,,,,,,,,,,,,,1638.9518982621444,757.8809138020457,1462.7534295354392,688.9336869089872,1312.090970769126,880.4537616119276,,,,,,
labeled-data,RAT 8 FR1 10-03-25,img21655.png,1398.913404634459,676.1656819287912,,,1315.9213722631848,654.4600734624578,1092.4812851097543,547.208831628811,899.6844099087941,769.3721182842221,791.1563675771279,914.9273750584568,589.4218888900305,958.3385919911234,309.8025798237373,1050.268227848535,,,,,,,1161.4285120028128,1045.1610258564565,,,1495.950242483949,1066.8666343227899,1382.3149981602044,904.7129710743001,1144.830105528558,866.408956133712,1075.8828786354995,1008.1338114138881,,,,
labeled-data,RAT 8 FR1 10-03-25,img22019.png,1476.798235013655,431.0199863090272,,,1365.7165916859494,462.9399987595173,1065.6684746513426,483.368806727831,923.9436193711665,734.8985048376929,801.3707715612846,904.7129710743001,568.9930809217168,936.63298352479,320.0169838078941,1043.8842253584369,,,,,,,1149.9373075206365,1040.053823864378,,,1603.942094616344,749.4351771339796,1445.9946361944503,686.4242229763092,1143.5420562376323,848.572411675381,1085.5719784125754,1002.3191398200968,,,,
labeled-data,RAT 8 FR1 10-03-25,img22192.png,1380.0557377086607,572.4337899908257,,,1283.018899859171,552.0049820225122,1067.2396156938578,576.2641914848846,928.0683614097211,766.5074656898055,781.2363041374667,943.9827349145303,552.6890149919577,956.7507398947264,326.6953365837027,1010.3763611159627,,,,,,,1157.687907761293,1036.5756029574043,,,,,1405.8227389431147,726.2727900273663,1195.4944802558953,830.7398193756809,1088.7959312155735,1010.5310752389004,,,,
labeled-data,RAT 8 FR1 10-03-25,img22799.png,1359.2157074042225,541.9160874957481,,,1269.108779762364,535.7018166238959,1080.6092299828442,456.9877189137667,927.3238818104876,652.737251377114,845.5026486644322,838.1296657207076,693.253012304051,888.8795445075015,518.2177160802112,914.7723398068861,,,,,,,1213.1803419156934,908.5580689350337,,,1361.2871310281732,788.4154987458893,1274.287338822241,714.8799600956371,1158.287615880998,775.9869570021847,1121.0019906498842,893.022391755403,,,,
labeled-data,RAT 8 FR1 10-03-25,img22948.png,1360.2514192161977,543.9875111196989,,,1286.7158805659456,561.5946119232804,1077.5020945469182,502.5590386406835,903.5025101350536,677.5943348645233,,,771.96711001418,784.2726514979878,579.3247129867589,804.9868877374954,,,,,,,1057.8235701193857,957.2365240978768,,,1531.5683643292773,729.8352199930889,1422.7672905594561,698.9405580466621,1052.7866533181582,824.0710846880662,1028.1368641358565,920.7626261408078,,,,
labeled-data,RAT 8 FR1 10-03-25,img24288.png,1368.4099063612432,654.7750274009072,,,1281.8584433912408,628.8777392681507,1112.1361544868128,546.5229252993054,973.8618883380411,850.044836918325,852.0077488319105,1014.3524032071429,574.9420407616565,1059.040420637829,437.04758697553933,924.9763683457705,,,,,,,1262.5062416198446,1046.5312643336283,,,1470.6014745600428,923.4406104676108,1349.8769329319994,838.2312413530219,1246.5389681134197,850.8334321845559,1180.1674297340069,1015.5020590499346,,,,
labeled-data,RAT 8 FR1 10-03-25,img25608.png,1413.6373249013964,688.3340291491988,,,1306.959008267932,666.5840810977157,1133.995135668043,536.0843927888176,952.745568572351,689.3697409611742,856.4243700586404,809.5123111503185,744.567494365299,772.2266859192048,579.889316261213,778.440956791057,,,,,,,1130.888000232117,993.8690136819368,,,1467.4943391241163,1004.2261318016907,1371.1731406104059,901.6906624161278,1113.2808994285356,855.0836308772356,1096.7095104369291,957.6191002627985,,,,
labeled-data,RAT 8 FR1 10-03-25,img25625.png,1454.0300855684363,732.8696370641403,,,1368.0660051744799,690.4054527731496,1202.3521152584185,538.1558164127683,993.1383292393909,674.8697755935189,874.0314708622219,796.0480575946387,740.4246471173974,778.440956791057,540.5322674061485,787.7623630988355,,,,,,,1135.0308474800186,999.0475727418138,,,1448.8515265085593,1005.2618436136661,1346.3160571229964,890.2978324843986,1091.5309513770524,944.1548467071185,1145.3879655997723,825.0479883299495,,,,
labeled-data,RAT 8 FR1 10-03-25,img25742.png,1372.4696888024357,623.643784477146,,,1270.3256489608675,601.9381760108128,1086.4663772460444,538.0981511098325,954.9559259500252,812.6102581840473,847.7046841163786,987.531926412733,621.7109959669087,1014.3447368711447,499.1381481570269,875.1734825870079,,,,,,,1265.218446968789,1043.7111483255956,,,,,,,1205.2088235618676,835.5926671484002,1164.3512076252402,1006.6839338830271,,,,
labeled-data,RAT 8 FR1 10-03-25,img25873.png,1443.9705166915335,736.0022283028711,,,1332.888873363828,693.8678118682243,1122.2167911905935,562.357360572205,929.4199159896333,742.3862307929692,757.0518487569868,900.7094925474,556.594170567909,981.1479239226351,467.2181357065368,881.557485077106,,,,,,,1256.2808434826518,1044.9879488236152,,,1477.1673296400431,1036.050345337478,1364.808885814318,949.2279114721449,1186.0568160915736,894.325490057302,1163.0744071272206,1014.3447368711447,,,,
labeled-data,RAT 8 FR1 10-03-25,img26049.png,1428.6489107152981,601.9381760108128,,,1358.42488332422,631.3045874652637,1117.109589198515,547.0357545959698,947.2951229619077,744.9398317890084,776.2038562272809,949.2279114721449,534.8885621015758,1019.4519388632232,,,,,,,,,1253.7272424866126,1042.434347827576,,,,,1498.8729381063765,769.1990412513809,1202.6552225658284,880.2806845790864,1182.2264145975148,1016.898337867184,,,,
labeled-data,RAT 8 FR1 10-03-25,img26097.png,1321.3976688816515,462.76692172667606,,,1237.1288360123576,470.4277247147936,1041.7783598153583,508.7317396553817,923.0359134995352,783.2438467295965,824.7222751520258,905.8166945394785,624.264596962948,959.4423154563018,402.101310307537,1000.2999313929291,,,,,,,1249.8968409925537,1043.7111483255956,,,1510.3641425885528,728.3414253147536,1354.5944818301612,684.930208382087,1173.2888111113775,848.3606721285962,1170.7352101153383,1005.4071333850075,,,,
labeled-data,RAT 8 FR1 10-03-25,img26313.png,1355.8712823281808,465.3205227227153,,,1298.4152599172987,493.41013367914655,1096.6807812302013,543.205353101911,977.9383349143782,815.1638591800865,889.8391005510256,923.6919015117529,680.4438188758106,964.5495174483801,390.6101058253606,997.7463303968899,,,,,,,1251.513120843424,1070.5239672492844,,,1535.298157324679,740.1318992291369,1414.1198753235594,643.8107007154263,1229.763172791941,868.5601639140846,1191.4418357488519,1050.845442821752,,,,
labeled-data,RAT 8 FR1 10-03-25,img27956.png,,,,,660.2487903199723,611.2134684470259,925.8232939080498,543.5430420519868,1167.138588033755,765.7063287073979,,,,,,,,,,,,,,,,,,,,,,,,,,,,
labeled-data,RAT 8 FR1 10-03-25,img28378.png,,,,,,,870.9208724932068,489.9174211351636,920.7160919159713,746.5543212371039,,,,,,,,,,,,,,,,,,,,,,,,,,,,
labeled-data,RAT 8 FR1 10-03-25,img28887.png,,,,,,,1085.4233561605004,532.0518375698105,1007.5385257813044,751.6615232291823,,,,,,,,,,,,,,,,,,,,,,,,,,,,
